message_id,category,confidence,reason
MSG_0001,meeting_or_event,0.93,Describes a scheduled meeting/event with a date and time.
MSG_0002,action_required,0.85,Contains an explicit request/instruction directed at the recipient.
MSG_0003,meeting_or_event,0.93,Describes a scheduled meeting/event with a date and time.
MSG_0004,general_information,0.65,"Plain informational/status statement; no action, schedule, personal, promotional, or sensitive signal detected."
MSG_0005,sensitive_information,0.97,Message contains a detected sensitive value (private_address).
MSG_0006,general_information,0.65,"Plain informational/status statement; no action, schedule, personal, promotional, or sensitive signal detected."
MSG_0007,action_required,0.85,Contains an explicit request/instruction directed at the recipient.
MSG_0008,general_information,0.65,"Plain informational/status statement; no action, schedule, personal, promotional, or sensitive signal detected."
MSG_0009,personal_information,0.87,Shares a personal fact or preference about the sender/user that is not a secret or identifying credential.
MSG_0010,action_required,0.9,Contains an explicit request/instruction directed at the recipient.
MSG_0011,meeting_or_event,0.93,Describes a scheduled meeting/event with a date and time.
MSG_0012,general_information,0.65,"Plain informational/status statement; no action, schedule, personal, promotional, or sensitive signal detected."
MSG_0013,sensitive_information,0.97,Message contains a detected sensitive value (bank_or_payment_details).
MSG_0014,promotional,0.96,Sent by the Promotions sender and contains marketing/discount language.
MSG_0015,promotional,0.96,Sent by the Promotions sender and contains marketing/discount language.
MSG_0016,personal_information,0.87,Shares a personal fact or preference about the sender/user that is not a secret or identifying credential.
MSG_0017,action_required,0.85,Contains an explicit request/instruction directed at the recipient.
MSG_0018,sensitive_information,0.97,Message contains a detected sensitive value (health_information).
MSG_0019,action_required,0.85,Contains an explicit request/instruction directed at the recipient.
MSG_0020,promotional,0.96,Sent by the Promotions sender and contains marketing/discount language.
MSG_0021,general_information,0.65,"Plain informational/status statement; no action, schedule, personal, promotional, or sensitive signal detected."
MSG_0022,personal_information,0.87,Shares a personal fact or preference about the sender/user that is not a secret or identifying credential.
MSG_0023,meeting_or_event,0.93,Describes a scheduled meeting/event with a date and time.
MSG_0024,personal_information,0.87,Shares a personal fact or preference about the sender/user that is not a secret or identifying credential.
MSG_0025,general_information,0.65,"Plain informational/status statement; no action, schedule, personal, promotional, or sensitive signal detected."
MSG_0026,general_information,0.65,"Plain informational/status statement; no action, schedule, personal, promotional, or sensitive signal detected."
MSG_0027,action_required,0.85,Contains an explicit request/instruction directed at the recipient.
MSG_0028,action_required,0.9,Contains an explicit request/instruction directed at the recipient.
MSG_0029,personal_information,0.87,Shares a personal fact or preference about the sender/user that is not a secret or identifying credential.
MSG_0030,general_information,0.65,"Plain informational/status statement; no action, schedule, personal, promotional, or sensitive signal detected."
MSG_0031,action_required,0.85,Contains an explicit request/instruction directed at the recipient.
MSG_0032,action_required,0.9,Contains an explicit request/instruction directed at the recipient.
MSG_0033,general_information,0.65,"Plain informational/status statement; no action, schedule, personal, promotional, or sensitive signal detected."
MSG_0034,meeting_or_event,0.93,Describes a scheduled meeting/event with a date and time.
MSG_0035,action_required,0.9,Contains an explicit request/instruction directed at the recipient.
MSG_0036,meeting_or_event,0.93,Describes a scheduled meeting/event with a date and time.
MSG_0037,meeting_or_event,0.6,"Refers to a possible meeting/get-together but uses tentative language and lacks a confirmed date, lowering confidence."
MSG_0038,action_required,0.85,Contains an explicit request/instruction directed at the recipient.
MSG_0039,general_information,0.65,"Plain informational/status statement; no action, schedule, personal, promotional, or sensitive signal detected."
MSG_0040,personal_information,0.87,Shares a personal fact or preference about the sender/user that is not a secret or identifying credential.
MSG_0041,action_required,0.85,Contains an explicit request/instruction directed at the recipient.
MSG_0042,meeting_or_event,0.93,Describes a scheduled meeting/event with a date and time.
MSG_0043,meeting_or_event,0.93,Describes a scheduled meeting/event with a date and time.
MSG_0044,action_required,0.85,Contains an explicit request/instruction directed at the recipient.
MSG_0045,action_required,0.9,Contains an explicit request/instruction directed at the recipient.
MSG_0046,action_required,0.9,Contains an explicit request/instruction directed at the recipient.
MSG_0047,sensitive_information,0.97,Message contains a detected sensitive value (authentication_token).
MSG_0048,personal_information,0.87,Shares a personal fact or preference about the sender/user that is not a secret or identifying credential.
MSG_0049,meeting_or_event,0.93,Describes a scheduled meeting/event with a date and time.
MSG_0050,general_information,0.65,"Plain informational/status statement; no action, schedule, personal, promotional, or sensitive signal detected."
MSG_0051,meeting_or_event,0.93,Describes a scheduled meeting/event with a date and time.
MSG_0052,general_information,0.65,"Plain informational/status statement; no action, schedule, personal, promotional, or sensitive signal detected."
MSG_0053,sensitive_information,0.97,Message contains a detected sensitive value (personal_identification_number).
MSG_0054,meeting_or_event,0.6,"Refers to a possible meeting/get-together but uses tentative language and lacks a confirmed date, lowering confidence."
MSG_0055,meeting_or_event,0.93,Describes a scheduled meeting/event with a date and time.
MSG_0056,action_required,0.85,Contains an explicit request/instruction directed at the recipient.
MSG_0057,general_information,0.65,"Plain informational/status statement; no action, schedule, personal, promotional, or sensitive signal detected."
MSG_0058,action_required,0.85,Contains an explicit request/instruction directed at the recipient.
MSG_0059,general_information,0.65,"Plain informational/status statement; no action, schedule, personal, promotional, or sensitive signal detected."
MSG_0060,action_required,0.9,Contains an explicit request/instruction directed at the recipient.
MSG_0061,promotional,0.96,Sent by the Promotions sender and contains marketing/discount language.
MSG_0062,meeting_or_event,0.93,Describes a scheduled meeting/event with a date and time.
MSG_0063,action_required,0.85,Contains an explicit request/instruction directed at the recipient.
MSG_0064,general_information,0.65,"Plain informational/status statement; no action, schedule, personal, promotional, or sensitive signal detected."
MSG_0065,action_required,0.9,Contains an explicit request/instruction directed at the recipient.
MSG_0066,meeting_or_event,0.93,Describes a scheduled meeting/event with a date and time.
MSG_0067,meeting_or_event,0.93,Describes a scheduled meeting/event with a date and time.
MSG_0068,general_information,0.65,"Plain informational/status statement; no action, schedule, personal, promotional, or sensitive signal detected."
MSG_0069,personal_information,0.87,Shares a personal fact or preference about the sender/user that is not a secret or identifying credential.
MSG_0070,general_information,0.65,"Plain informational/status statement; no action, schedule, personal, promotional, or sensitive signal detected."
MSG_0071,promotional,0.96,Sent by the Promotions sender and contains marketing/discount language.
MSG_0072,action_required,0.85,Contains an explicit request/instruction directed at the recipient.
MSG_0073,promotional,0.96,Sent by the Promotions sender and contains marketing/discount language.
MSG_0074,sensitive_information,0.97,Message contains a detected sensitive value (authentication_token).
MSG_0075,general_information,0.65,"Plain informational/status statement; no action, schedule, personal, promotional, or sensitive signal detected."
MSG_0076,promotional,0.96,Sent by the Promotions sender and contains marketing/discount language.
MSG_0077,meeting_or_event,0.93,Describes a scheduled meeting/event with a date and time.
MSG_0078,sensitive_information,0.97,Message contains a detected sensitive value (health_information).
MSG_0079,general_information,0.65,"Plain informational/status statement; no action, schedule, personal, promotional, or sensitive signal detected."
MSG_0080,promotional,0.96,Sent by the Promotions sender and contains marketing/discount language.
MSG_0081,promotional,0.96,Sent by the Promotions sender and contains marketing/discount language.
MSG_0082,promotional,0.96,Sent by the Promotions sender and contains marketing/discount language.
MSG_0083,action_required,0.85,Contains an explicit request/instruction directed at the recipient.
MSG_0084,personal_information,0.87,Shares a personal fact or preference about the sender/user that is not a secret or identifying credential.
MSG_0085,promotional,0.96,Sent by the Promotions sender and contains marketing/discount language.
MSG_0086,sensitive_information,0.97,Message contains a detected sensitive value (password).
MSG_0087,personal_information,0.87,Shares a personal fact or preference about the sender/user that is not a secret or identifying credential.
MSG_0088,action_required,0.85,Contains an explicit request/instruction directed at the recipient.
MSG_0089,action_required,0.9,Contains an explicit request/instruction directed at the recipient.
MSG_0090,general_information,0.65,"Plain informational/status statement; no action, schedule, personal, promotional, or sensitive signal detected."
MSG_0091,general_information,0.65,"Plain informational/status statement; no action, schedule, personal, promotional, or sensitive signal detected."
MSG_0092,promotional,0.96,Sent by the Promotions sender and contains marketing/discount language.
MSG_0093,personal_information,0.87,Shares a personal fact or preference about the sender/user that is not a secret or identifying credential.
MSG_0094,personal_information,0.87,Shares a personal fact or preference about the sender/user that is not a secret or identifying credential.
MSG_0095,sensitive_information,0.97,Message contains a detected sensitive value (password).
MSG_0096,general_information,0.65,"Plain informational/status statement; no action, schedule, personal, promotional, or sensitive signal detected."
MSG_0097,meeting_or_event,0.93,Describes a scheduled meeting/event with a date and time.
MSG_0098,meeting_or_event,0.6,"Refers to a possible meeting/get-together but uses tentative language and lacks a confirmed date, lowering confidence."
MSG_0099,personal_information,0.87,Shares a personal fact or preference about the sender/user that is not a secret or identifying credential.
MSG_0100,meeting_or_event,0.93,Describes a scheduled meeting/event with a date and time.
MSG_0101,action_required,0.9,Contains an explicit request/instruction directed at the recipient.
MSG_0102,action_required,0.85,Contains an explicit request/instruction directed at the recipient.
MSG_0103,meeting_or_event,0.93,Describes a scheduled meeting/event with a date and time.
MSG_0104,promotional,0.96,Sent by the Promotions sender and contains marketing/discount language.
MSG_0105,promotional,0.96,Sent by the Promotions sender and contains marketing/discount language.
MSG_0106,sensitive_information,0.97,Message contains a detected sensitive value (health_information).
MSG_0107,general_information,0.65,"Plain informational/status statement; no action, schedule, personal, promotional, or sensitive signal detected."
MSG_0108,personal_information,0.87,Shares a personal fact or preference about the sender/user that is not a secret or identifying credential.
MSG_0109,personal_information,0.87,Shares a personal fact or preference about the sender/user that is not a secret or identifying credential.
MSG_0110,action_required,0.85,Contains an explicit request/instruction directed at the recipient.
MSG_0111,action_required,0.85,Contains an explicit request/instruction directed at the recipient.
MSG_0112,action_required,0.85,Contains an explicit request/instruction directed at the recipient.
MSG_0113,action_required,0.9,Contains an explicit request/instruction directed at the recipient.
MSG_0114,action_required,0.85,Contains an explicit request/instruction directed at the recipient.
MSG_0115,action_required,0.9,Contains an explicit request/instruction directed at the recipient.
MSG_0116,general_information,0.65,"Plain informational/status statement; no action, schedule, personal, promotional, or sensitive signal detected."
MSG_0117,sensitive_information,0.97,Message contains a detected sensitive value (authentication_token).
MSG_0118,sensitive_information,0.97,Message contains a detected sensitive value (personal_identification_number).
MSG_0119,action_required,0.9,Contains an explicit request/instruction directed at the recipient.
MSG_0120,sensitive_information,0.97,Message contains a detected sensitive value (authentication_token).
MSG_0121,action_required,0.85,Contains an explicit request/instruction directed at the recipient.
MSG_0122,meeting_or_event,0.93,Describes a scheduled meeting/event with a date and time.
MSG_0123,meeting_or_event,0.93,Describes a scheduled meeting/event with a date and time.
MSG_0124,meeting_or_event,0.93,Describes a scheduled meeting/event with a date and time.
MSG_0125,general_information,0.65,"Plain informational/status statement; no action, schedule, personal, promotional, or sensitive signal detected."
MSG_0126,sensitive_information,0.97,Message contains a detected sensitive value (private_contact_detail).
MSG_0127,meeting_or_event,0.93,Describes a scheduled meeting/event with a date and time.
MSG_0128,general_information,0.65,"Plain informational/status statement; no action, schedule, personal, promotional, or sensitive signal detected."
MSG_0129,meeting_or_event,0.93,Describes a scheduled meeting/event with a date and time.
MSG_0130,sensitive_information,0.97,Message contains a detected sensitive value (private_address).
MSG_0131,meeting_or_event,0.93,Describes a scheduled meeting/event with a date and time.
MSG_0132,general_information,0.65,"Plain informational/status statement; no action, schedule, personal, promotional, or sensitive signal detected."
MSG_0133,meeting_or_event,0.6,"Refers to a possible meeting/get-together but uses tentative language and lacks a confirmed date, lowering confidence."
MSG_0134,personal_information,0.87,Shares a personal fact or preference about the sender/user that is not a secret or identifying credential.
MSG_0135,meeting_or_event,0.93,Describes a scheduled meeting/event with a date and time.
MSG_0136,action_required,0.9,Contains an explicit request/instruction directed at the recipient.
MSG_0137,sensitive_information,0.97,Message contains a detected sensitive value (authentication_token).
MSG_0138,meeting_or_event,0.93,Describes a scheduled meeting/event with a date and time.
MSG_0139,action_required,0.85,Contains an explicit request/instruction directed at the recipient.
MSG_0140,sensitive_information,0.97,Message contains a detected sensitive value (password).
MSG_0141,general_information,0.65,"Plain informational/status statement; no action, schedule, personal, promotional, or sensitive signal detected."
MSG_0142,promotional,0.96,Sent by the Promotions sender and contains marketing/discount language.
MSG_0143,personal_information,0.87,Shares a personal fact or preference about the sender/user that is not a secret or identifying credential.
MSG_0144,action_required,0.9,Contains an explicit request/instruction directed at the recipient.
MSG_0145,action_required,0.85,Contains an explicit request/instruction directed at the recipient.
MSG_0146,personal_information,0.87,Shares a personal fact or preference about the sender/user that is not a secret or identifying credential.
MSG_0147,action_required,0.9,Contains an explicit request/instruction directed at the recipient.
MSG_0148,general_information,0.65,"Plain informational/status statement; no action, schedule, personal, promotional, or sensitive signal detected."
MSG_0149,general_information,0.65,"Plain informational/status statement; no action, schedule, personal, promotional, or sensitive signal detected."
MSG_0150,action_required,0.9,Contains an explicit request/instruction directed at the recipient.
MSG_0151,meeting_or_event,0.93,Describes a scheduled meeting/event with a date and time.
MSG_0152,action_required,0.85,Contains an explicit request/instruction directed at the recipient.
MSG_0153,action_required,0.85,Contains an explicit request/instruction directed at the recipient.
MSG_0154,meeting_or_event,0.93,Describes a scheduled meeting/event with a date and time.
MSG_0155,sensitive_information,0.97,Message contains a detected sensitive value (authentication_token).
MSG_0156,meeting_or_event,0.93,Describes a scheduled meeting/event with a date and time.
MSG_0157,action_required,0.85,Contains an explicit request/instruction directed at the recipient.
MSG_0158,personal_information,0.87,Shares a personal fact or preference about the sender/user that is not a secret or identifying credential.
MSG_0159,general_information,0.65,"Plain informational/status statement; no action, schedule, personal, promotional, or sensitive signal detected."
MSG_0160,action_required,0.85,Contains an explicit request/instruction directed at the recipient.
MSG_0161,general_information,0.65,"Plain informational/status statement; no action, schedule, personal, promotional, or sensitive signal detected."
MSG_0162,meeting_or_event,0.93,Describes a scheduled meeting/event with a date and time.
MSG_0163,action_required,0.9,Contains an explicit request/instruction directed at the recipient.
MSG_0164,general_information,0.65,"Plain informational/status statement; no action, schedule, personal, promotional, or sensitive signal detected."
MSG_0165,personal_information,0.87,Shares a personal fact or preference about the sender/user that is not a secret or identifying credential.
MSG_0166,personal_information,0.87,Shares a personal fact or preference about the sender/user that is not a secret or identifying credential.
MSG_0167,promotional,0.96,Sent by the Promotions sender and contains marketing/discount language.
MSG_0168,meeting_or_event,0.93,Describes a scheduled meeting/event with a date and time.
MSG_0169,meeting_or_event,0.93,Describes a scheduled meeting/event with a date and time.
MSG_0170,action_required,0.9,Contains an explicit request/instruction directed at the recipient.
MSG_0171,action_required,0.85,Contains an explicit request/instruction directed at the recipient.
MSG_0172,sensitive_information,0.97,Message contains a detected sensitive value (private_address).
MSG_0173,action_required,0.85,Contains an explicit request/instruction directed at the recipient.
MSG_0174,general_information,0.65,"Plain informational/status statement; no action, schedule, personal, promotional, or sensitive signal detected."
MSG_0175,action_required,0.85,Contains an explicit request/instruction directed at the recipient.
MSG_0176,general_information,0.65,"Plain informational/status statement; no action, schedule, personal, promotional, or sensitive signal detected."
MSG_0177,meeting_or_event,0.93,Describes a scheduled meeting/event with a date and time.
MSG_0178,action_required,0.85,Contains an explicit request/instruction directed at the recipient.
MSG_0179,personal_information,0.87,Shares a personal fact or preference about the sender/user that is not a secret or identifying credential.
MSG_0180,general_information,0.65,"Plain informational/status statement; no action, schedule, personal, promotional, or sensitive signal detected."
MSG_0181,personal_information,0.87,Shares a personal fact or preference about the sender/user that is not a secret or identifying credential.
MSG_0182,personal_information,0.87,Shares a personal fact or preference about the sender/user that is not a secret or identifying credential.
MSG_0183,personal_information,0.87,Shares a personal fact or preference about the sender/user that is not a secret or identifying credential.
MSG_0184,meeting_or_event,0.93,Describes a scheduled meeting/event with a date and time.
MSG_0185,personal_information,0.87,Shares a personal fact or preference about the sender/user that is not a secret or identifying credential.
MSG_0186,general_information,0.65,"Plain informational/status statement; no action, schedule, personal, promotional, or sensitive signal detected."
MSG_0187,sensitive_information,0.97,Message contains a detected sensitive value (health_information).
MSG_0188,general_information,0.65,"Plain informational/status statement; no action, schedule, personal, promotional, or sensitive signal detected."
MSG_0189,personal_information,0.87,Shares a personal fact or preference about the sender/user that is not a secret or identifying credential.
MSG_0190,action_required,0.85,Contains an explicit request/instruction directed at the recipient.
MSG_0191,sensitive_information,0.97,Message contains a detected sensitive value (private_contact_detail).
MSG_0192,promotional,0.96,Sent by the Promotions sender and contains marketing/discount language.
MSG_0193,action_required,0.85,Contains an explicit request/instruction directed at the recipient.
MSG_0194,general_information,0.65,"Plain informational/status statement; no action, schedule, personal, promotional, or sensitive signal detected."
MSG_0195,action_required,0.85,Contains an explicit request/instruction directed at the recipient.
MSG_0196,personal_information,0.87,Shares a personal fact or preference about the sender/user that is not a secret or identifying credential.
MSG_0197,general_information,0.65,"Plain informational/status statement; no action, schedule, personal, promotional, or sensitive signal detected."
MSG_0198,action_required,0.85,Contains an explicit request/instruction directed at the recipient.
MSG_0199,sensitive_information,0.97,Message contains a detected sensitive value (private_address).
MSG_0200,general_information,0.65,"Plain informational/status statement; no action, schedule, personal, promotional, or sensitive signal detected."
MSG_0201,meeting_or_event,0.93,Describes a scheduled meeting/event with a date and time.
MSG_0202,promotional,0.96,Sent by the Promotions sender and contains marketing/discount language.
MSG_0203,action_required,0.9,Contains an explicit request/instruction directed at the recipient.
MSG_0204,personal_information,0.87,Shares a personal fact or preference about the sender/user that is not a secret or identifying credential.
MSG_0205,promotional,0.96,Sent by the Promotions sender and contains marketing/discount language.
MSG_0206,promotional,0.96,Sent by the Promotions sender and contains marketing/discount language.
MSG_0207,meeting_or_event,0.6,"Refers to a possible meeting/get-together but uses tentative language and lacks a confirmed date, lowering confidence."
MSG_0208,action_required,0.85,Contains an explicit request/instruction directed at the recipient.
MSG_0209,meeting_or_event,0.93,Describes a scheduled meeting/event with a date and time.
MSG_0210,action_required,0.85,Contains an explicit request/instruction directed at the recipient.
MSG_0211,personal_information,0.87,Shares a personal fact or preference about the sender/user that is not a secret or identifying credential.
MSG_0212,personal_information,0.87,Shares a personal fact or preference about the sender/user that is not a secret or identifying credential.
MSG_0213,meeting_or_event,0.6,"Refers to a possible meeting/get-together but uses tentative language and lacks a confirmed date, lowering confidence."
MSG_0214,general_information,0.65,"Plain informational/status statement; no action, schedule, personal, promotional, or sensitive signal detected."
MSG_0215,action_required,0.85,Contains an explicit request/instruction directed at the recipient.
MSG_0216,meeting_or_event,0.93,Describes a scheduled meeting/event with a date and time.
MSG_0217,meeting_or_event,0.6,"Refers to a possible meeting/get-together but uses tentative language and lacks a confirmed date, lowering confidence."
MSG_0218,meeting_or_event,0.93,Describes a scheduled meeting/event with a date and time.
MSG_0219,action_required,0.9,Contains an explicit request/instruction directed at the recipient.
MSG_0220,action_required,0.85,Contains an explicit request/instruction directed at the recipient.
MSG_0221,action_required,0.85,Contains an explicit request/instruction directed at the recipient.
MSG_0222,meeting_or_event,0.93,Describes a scheduled meeting/event with a date and time.
MSG_0223,meeting_or_event,0.93,Describes a scheduled meeting/event with a date and time.
MSG_0224,general_information,0.65,"Plain informational/status statement; no action, schedule, personal, promotional, or sensitive signal detected."
MSG_0225,general_information,0.65,"Plain informational/status statement; no action, schedule, personal, promotional, or sensitive signal detected."
MSG_0226,action_required,0.85,Contains an explicit request/instruction directed at the recipient.
MSG_0227,action_required,0.85,Contains an explicit request/instruction directed at the recipient.
MSG_0228,personal_information,0.87,Shares a personal fact or preference about the sender/user that is not a secret or identifying credential.
MSG_0229,sensitive_information,0.97,Message contains a detected sensitive value (personal_identification_number).
MSG_0230,promotional,0.88,Contains marketing/discount language (e.g. a promo code or sale offer).
MSG_0231,action_required,0.85,Contains an explicit request/instruction directed at the recipient.
MSG_0232,action_required,0.85,Contains an explicit request/instruction directed at the recipient.
MSG_0233,sensitive_information,0.97,Message contains a detected sensitive value (authentication_token).
MSG_0234,promotional,0.96,Sent by the Promotions sender and contains marketing/discount language.
MSG_0235,action_required,0.85,Contains an explicit request/instruction directed at the recipient.
MSG_0236,promotional,0.88,Contains marketing/discount language (e.g. a promo code or sale offer).
MSG_0237,promotional,0.96,Sent by the Promotions sender and contains marketing/discount language.
MSG_0238,general_information,0.65,"Plain informational/status statement; no action, schedule, personal, promotional, or sensitive signal detected."
MSG_0239,personal_information,0.87,Shares a personal fact or preference about the sender/user that is not a secret or identifying credential.
MSG_0240,action_required,0.85,Contains an explicit request/instruction directed at the recipient.
MSG_0241,personal_information,0.87,Shares a personal fact or preference about the sender/user that is not a secret or identifying credential.
MSG_0242,promotional,0.96,Sent by the Promotions sender and contains marketing/discount language.
MSG_0243,sensitive_information,0.97,Message contains a detected sensitive value (one_time_password).
MSG_0244,meeting_or_event,0.93,Describes a scheduled meeting/event with a date and time.
MSG_0245,action_required,0.85,Contains an explicit request/instruction directed at the recipient.
MSG_0246,general_information,0.65,"Plain informational/status statement; no action, schedule, personal, promotional, or sensitive signal detected."
MSG_0247,general_information,0.65,"Plain informational/status statement; no action, schedule, personal, promotional, or sensitive signal detected."
MSG_0248,personal_information,0.87,Shares a personal fact or preference about the sender/user that is not a secret or identifying credential.
MSG_0249,meeting_or_event,0.93,Describes a scheduled meeting/event with a date and time.
MSG_0250,personal_information,0.87,Shares a personal fact or preference about the sender/user that is not a secret or identifying credential.
MSG_0251,action_required,0.9,Contains an explicit request/instruction directed at the recipient.
MSG_0252,action_required,0.85,Contains an explicit request/instruction directed at the recipient.
MSG_0253,general_information,0.65,"Plain informational/status statement; no action, schedule, personal, promotional, or sensitive signal detected."
MSG_0254,sensitive_information,0.97,Message contains a detected sensitive value (bank_or_payment_details).
MSG_0255,meeting_or_event,0.93,Describes a scheduled meeting/event with a date and time.
MSG_0256,promotional,0.96,Sent by the Promotions sender and contains marketing/discount language.
MSG_0257,sensitive_information,0.97,Message contains a detected sensitive value (bank_or_payment_details).
MSG_0258,meeting_or_event,0.93,Describes a scheduled meeting/event with a date and time.
MSG_0259,promotional,0.96,Sent by the Promotions sender and contains marketing/discount language.
MSG_0260,personal_information,0.87,Shares a personal fact or preference about the sender/user that is not a secret or identifying credential.
MSG_0261,promotional,0.96,Sent by the Promotions sender and contains marketing/discount language.
MSG_0262,promotional,0.88,Contains marketing/discount language (e.g. a promo code or sale offer).
MSG_0263,general_information,0.65,"Plain informational/status statement; no action, schedule, personal, promotional, or sensitive signal detected."
MSG_0264,sensitive_information,0.97,Message contains a detected sensitive value (personal_identification_number).
MSG_0265,action_required,0.9,Contains an explicit request/instruction directed at the recipient.
MSG_0266,general_information,0.65,"Plain informational/status statement; no action, schedule, personal, promotional, or sensitive signal detected."
MSG_0267,sensitive_information,0.97,Message contains a detected sensitive value (bank_or_payment_details).
MSG_0268,meeting_or_event,0.93,Describes a scheduled meeting/event with a date and time.
MSG_0269,action_required,0.9,Contains an explicit request/instruction directed at the recipient.
MSG_0270,general_information,0.65,"Plain informational/status statement; no action, schedule, personal, promotional, or sensitive signal detected."
MSG_0271,meeting_or_event,0.93,Describes a scheduled meeting/event with a date and time.
MSG_0272,personal_information,0.87,Shares a personal fact or preference about the sender/user that is not a secret or identifying credential.
MSG_0273,sensitive_information,0.97,Message contains a detected sensitive value (one_time_password).
MSG_0274,general_information,0.65,"Plain informational/status statement; no action, schedule, personal, promotional, or sensitive signal detected."
MSG_0275,meeting_or_event,0.93,Describes a scheduled meeting/event with a date and time.
MSG_0276,promotional,0.96,Sent by the Promotions sender and contains marketing/discount language.
MSG_0277,general_information,0.65,"Plain informational/status statement; no action, schedule, personal, promotional, or sensitive signal detected."
MSG_0278,meeting_or_event,0.6,"Refers to a possible meeting/get-together but uses tentative language and lacks a confirmed date, lowering confidence."
MSG_0279,general_information,0.65,"Plain informational/status statement; no action, schedule, personal, promotional, or sensitive signal detected."
MSG_0280,action_required,0.9,Contains an explicit request/instruction directed at the recipient.
MSG_0281,promotional,0.96,Sent by the Promotions sender and contains marketing/discount language.
MSG_0282,meeting_or_event,0.93,Describes a scheduled meeting/event with a date and time.
MSG_0283,action_required,0.9,Contains an explicit request/instruction directed at the recipient.
MSG_0284,general_information,0.65,"Plain informational/status statement; no action, schedule, personal, promotional, or sensitive signal detected."
MSG_0285,general_information,0.65,"Plain informational/status statement; no action, schedule, personal, promotional, or sensitive signal detected."
MSG_0286,general_information,0.65,"Plain informational/status statement; no action, schedule, personal, promotional, or sensitive signal detected."
MSG_0287,action_required,0.85,Contains an explicit request/instruction directed at the recipient.
MSG_0288,sensitive_information,0.97,Message contains a detected sensitive value (one_time_password).
MSG_0289,action_required,0.85,Contains an explicit request/instruction directed at the recipient.
MSG_0290,general_information,0.65,"Plain informational/status statement; no action, schedule, personal, promotional, or sensitive signal detected."
MSG_0291,general_information,0.65,"Plain informational/status statement; no action, schedule, personal, promotional, or sensitive signal detected."
MSG_0292,promotional,0.96,Sent by the Promotions sender and contains marketing/discount language.
MSG_0293,meeting_or_event,0.93,Describes a scheduled meeting/event with a date and time.
MSG_0294,meeting_or_event,0.93,Describes a scheduled meeting/event with a date and time.
MSG_0295,promotional,0.96,Sent by the Promotions sender and contains marketing/discount language.
MSG_0296,personal_information,0.87,Shares a personal fact or preference about the sender/user that is not a secret or identifying credential.
MSG_0297,personal_information,0.87,Shares a personal fact or preference about the sender/user that is not a secret or identifying credential.
MSG_0298,promotional,0.96,Sent by the Promotions sender and contains marketing/discount language.
MSG_0299,promotional,0.96,Sent by the Promotions sender and contains marketing/discount language.
MSG_0300,action_required,0.85,Contains an explicit request/instruction directed at the recipient.
MSG_0301,action_required,0.85,Contains an explicit request/instruction directed at the recipient.
MSG_0302,meeting_or_event,0.93,Describes a scheduled meeting/event with a date and time.
MSG_0303,general_information,0.65,"Plain informational/status statement; no action, schedule, personal, promotional, or sensitive signal detected."
MSG_0304,promotional,0.96,Sent by the Promotions sender and contains marketing/discount language.
MSG_0305,personal_information,0.87,Shares a personal fact or preference about the sender/user that is not a secret or identifying credential.
MSG_0306,action_required,0.85,Contains an explicit request/instruction directed at the recipient.
MSG_0307,action_required,0.85,Contains an explicit request/instruction directed at the recipient.
MSG_0308,personal_information,0.87,Shares a personal fact or preference about the sender/user that is not a secret or identifying credential.
MSG_0309,action_required,0.9,Contains an explicit request/instruction directed at the recipient.
MSG_0310,action_required,0.85,Contains an explicit request/instruction directed at the recipient.
MSG_0311,meeting_or_event,0.93,Describes a scheduled meeting/event with a date and time.
MSG_0312,action_required,0.85,Contains an explicit request/instruction directed at the recipient.
MSG_0313,general_information,0.65,"Plain informational/status statement; no action, schedule, personal, promotional, or sensitive signal detected."
MSG_0314,action_required,0.85,Contains an explicit request/instruction directed at the recipient.
MSG_0315,sensitive_information,0.97,Message contains a detected sensitive value (authentication_token).
MSG_0316,meeting_or_event,0.93,Describes a scheduled meeting/event with a date and time.
MSG_0317,action_required,0.85,Contains an explicit request/instruction directed at the recipient.
MSG_0318,promotional,0.96,Sent by the Promotions sender and contains marketing/discount language.
MSG_0319,personal_information,0.87,Shares a personal fact or preference about the sender/user that is not a secret or identifying credential.
MSG_0320,general_information,0.65,"Plain informational/status statement; no action, schedule, personal, promotional, or sensitive signal detected."
MSG_0321,personal_information,0.87,Shares a personal fact or preference about the sender/user that is not a secret or identifying credential.
MSG_0322,general_information,0.65,"Plain informational/status statement; no action, schedule, personal, promotional, or sensitive signal detected."
MSG_0323,action_required,0.85,Contains an explicit request/instruction directed at the recipient.
MSG_0324,general_information,0.65,"Plain informational/status statement; no action, schedule, personal, promotional, or sensitive signal detected."
MSG_0325,general_information,0.65,"Plain informational/status statement; no action, schedule, personal, promotional, or sensitive signal detected."
MSG_0326,personal_information,0.87,Shares a personal fact or preference about the sender/user that is not a secret or identifying credential.
MSG_0327,meeting_or_event,0.93,Describes a scheduled meeting/event with a date and time.
MSG_0328,promotional,0.96,Sent by the Promotions sender and contains marketing/discount language.
MSG_0329,general_information,0.65,"Plain informational/status statement; no action, schedule, personal, promotional, or sensitive signal detected."
MSG_0330,meeting_or_event,0.93,Describes a scheduled meeting/event with a date and time.
MSG_0331,action_required,0.9,Contains an explicit request/instruction directed at the recipient.
MSG_0332,personal_information,0.87,Shares a personal fact or preference about the sender/user that is not a secret or identifying credential.
MSG_0333,general_information,0.65,"Plain informational/status statement; no action, schedule, personal, promotional, or sensitive signal detected."
MSG_0334,action_required,0.85,Contains an explicit request/instruction directed at the recipient.
MSG_0335,action_required,0.85,Contains an explicit request/instruction directed at the recipient.
MSG_0336,general_information,0.65,"Plain informational/status statement; no action, schedule, personal, promotional, or sensitive signal detected."
MSG_0337,sensitive_information,0.97,Message contains a detected sensitive value (private_contact_detail).
MSG_0338,meeting_or_event,0.93,Describes a scheduled meeting/event with a date and time.
MSG_0339,action_required,0.9,Contains an explicit request/instruction directed at the recipient.
MSG_0340,action_required,0.85,Contains an explicit request/instruction directed at the recipient.
MSG_0341,promotional,0.96,Sent by the Promotions sender and contains marketing/discount language.
MSG_0342,meeting_or_event,0.93,Describes a scheduled meeting/event with a date and time.
MSG_0343,promotional,0.88,Contains marketing/discount language (e.g. a promo code or sale offer).
MSG_0344,sensitive_information,0.97,Message contains a detected sensitive value (password).
MSG_0345,action_required,0.9,Contains an explicit request/instruction directed at the recipient.
MSG_0346,sensitive_information,0.97,Message contains a detected sensitive value (password).
MSG_0347,sensitive_information,0.97,Message contains a detected sensitive value (personal_identification_number).
MSG_0348,general_information,0.65,"Plain informational/status statement; no action, schedule, personal, promotional, or sensitive signal detected."
MSG_0349,sensitive_information,0.97,Message contains a detected sensitive value (personal_identification_number).
MSG_0350,meeting_or_event,0.6,"Refers to a possible meeting/get-together but uses tentative language and lacks a confirmed date, lowering confidence."
MSG_0351,sensitive_information,0.97,Message contains a detected sensitive value (authentication_token).
MSG_0352,sensitive_information,0.97,Message contains a detected sensitive value (bank_or_payment_details).
MSG_0353,personal_information,0.87,Shares a personal fact or preference about the sender/user that is not a secret or identifying credential.
MSG_0354,meeting_or_event,0.6,"Refers to a possible meeting/get-together but uses tentative language and lacks a confirmed date, lowering confidence."
MSG_0355,personal_information,0.87,Shares a personal fact or preference about the sender/user that is not a secret or identifying credential.
MSG_0356,meeting_or_event,0.93,Describes a scheduled meeting/event with a date and time.
MSG_0357,meeting_or_event,0.93,Describes a scheduled meeting/event with a date and time.
MSG_0358,action_required,0.9,Contains an explicit request/instruction directed at the recipient.
MSG_0359,meeting_or_event,0.93,Describes a scheduled meeting/event with a date and time.
MSG_0360,action_required,0.85,Contains an explicit request/instruction directed at the recipient.
MSG_0361,action_required,0.9,Contains an explicit request/instruction directed at the recipient.
MSG_0362,promotional,0.96,Sent by the Promotions sender and contains marketing/discount language.
MSG_0363,meeting_or_event,0.93,Describes a scheduled meeting/event with a date and time.
MSG_0364,promotional,0.96,Sent by the Promotions sender and contains marketing/discount language.
MSG_0365,action_required,0.85,Contains an explicit request/instruction directed at the recipient.
MSG_0366,action_required,0.85,Contains an explicit request/instruction directed at the recipient.
MSG_0367,sensitive_information,0.97,Message contains a detected sensitive value (bank_or_payment_details).
MSG_0368,action_required,0.9,Contains an explicit request/instruction directed at the recipient.
MSG_0369,action_required,0.85,Contains an explicit request/instruction directed at the recipient.
MSG_0370,general_information,0.65,"Plain informational/status statement; no action, schedule, personal, promotional, or sensitive signal detected."
MSG_0371,personal_information,0.87,Shares a personal fact or preference about the sender/user that is not a secret or identifying credential.
MSG_0372,personal_information,0.87,Shares a personal fact or preference about the sender/user that is not a secret or identifying credential.
MSG_0373,promotional,0.96,Sent by the Promotions sender and contains marketing/discount language.
MSG_0374,personal_information,0.87,Shares a personal fact or preference about the sender/user that is not a secret or identifying credential.
MSG_0375,promotional,0.96,Sent by the Promotions sender and contains marketing/discount language.
MSG_0376,sensitive_information,0.97,Message contains a detected sensitive value (password).
MSG_0377,action_required,0.85,Contains an explicit request/instruction directed at the recipient.
MSG_0378,meeting_or_event,0.93,Describes a scheduled meeting/event with a date and time.
MSG_0379,action_required,0.85,Contains an explicit request/instruction directed at the recipient.
MSG_0380,personal_information,0.87,Shares a personal fact or preference about the sender/user that is not a secret or identifying credential.
MSG_0381,personal_information,0.87,Shares a personal fact or preference about the sender/user that is not a secret or identifying credential.
MSG_0382,meeting_or_event,0.93,Describes a scheduled meeting/event with a date and time.
MSG_0383,general_information,0.65,"Plain informational/status statement; no action, schedule, personal, promotional, or sensitive signal detected."
MSG_0384,meeting_or_event,0.93,Describes a scheduled meeting/event with a date and time.
MSG_0385,sensitive_information,0.97,Message contains a detected sensitive value (private_address).
MSG_0386,action_required,0.85,Contains an explicit request/instruction directed at the recipient.
MSG_0387,general_information,0.65,"Plain informational/status statement; no action, schedule, personal, promotional, or sensitive signal detected."
MSG_0388,general_information,0.65,"Plain informational/status statement; no action, schedule, personal, promotional, or sensitive signal detected."
MSG_0389,sensitive_information,0.97,Message contains a detected sensitive value (authentication_token).
MSG_0390,promotional,0.96,Sent by the Promotions sender and contains marketing/discount language.
MSG_0391,promotional,0.96,Sent by the Promotions sender and contains marketing/discount language.
MSG_0392,general_information,0.65,"Plain informational/status statement; no action, schedule, personal, promotional, or sensitive signal detected."
MSG_0393,action_required,0.85,Contains an explicit request/instruction directed at the recipient.
MSG_0394,action_required,0.9,Contains an explicit request/instruction directed at the recipient.
MSG_0395,personal_information,0.87,Shares a personal fact or preference about the sender/user that is not a secret or identifying credential.
MSG_0396,action_required,0.85,Contains an explicit request/instruction directed at the recipient.
MSG_0397,sensitive_information,0.97,Message contains a detected sensitive value (bank_or_payment_details).
MSG_0398,action_required,0.9,Contains an explicit request/instruction directed at the recipient.
MSG_0399,general_information,0.65,"Plain informational/status statement; no action, schedule, personal, promotional, or sensitive signal detected."
MSG_0400,general_information,0.65,"Plain informational/status statement; no action, schedule, personal, promotional, or sensitive signal detected."
MSG_0401,action_required,0.85,Contains an explicit request/instruction directed at the recipient.
MSG_0402,personal_information,0.87,Shares a personal fact or preference about the sender/user that is not a secret or identifying credential.
MSG_0403,sensitive_information,0.97,Message contains a detected sensitive value (authentication_token).
MSG_0404,general_information,0.65,"Plain informational/status statement; no action, schedule, personal, promotional, or sensitive signal detected."
MSG_0405,meeting_or_event,0.93,Describes a scheduled meeting/event with a date and time.
MSG_0406,general_information,0.65,"Plain informational/status statement; no action, schedule, personal, promotional, or sensitive signal detected."
MSG_0407,action_required,0.85,Contains an explicit request/instruction directed at the recipient.
MSG_0408,personal_information,0.87,Shares a personal fact or preference about the sender/user that is not a secret or identifying credential.
MSG_0409,promotional,0.96,Sent by the Promotions sender and contains marketing/discount language.
MSG_0410,action_required,0.85,Contains an explicit request/instruction directed at the recipient.
MSG_0411,sensitive_information,0.97,Message contains a detected sensitive value (private_contact_detail).
MSG_0412,action_required,0.85,Contains an explicit request/instruction directed at the recipient.
MSG_0413,meeting_or_event,0.93,Describes a scheduled meeting/event with a date and time.
MSG_0414,meeting_or_event,0.93,Describes a scheduled meeting/event with a date and time.
MSG_0415,promotional,0.96,Sent by the Promotions sender and contains marketing/discount language.
MSG_0416,sensitive_information,0.97,Message contains a detected sensitive value (health_information).
MSG_0417,action_required,0.85,Contains an explicit request/instruction directed at the recipient.
MSG_0418,action_required,0.85,Contains an explicit request/instruction directed at the recipient.
MSG_0419,sensitive_information,0.97,Message contains a detected sensitive value (bank_or_payment_details).
MSG_0420,action_required,0.9,Contains an explicit request/instruction directed at the recipient.
MSG_0421,personal_information,0.87,Shares a personal fact or preference about the sender/user that is not a secret or identifying credential.
MSG_0422,action_required,0.85,Contains an explicit request/instruction directed at the recipient.
MSG_0423,meeting_or_event,0.93,Describes a scheduled meeting/event with a date and time.
MSG_0424,meeting_or_event,0.93,Describes a scheduled meeting/event with a date and time.
MSG_0425,action_required,0.85,Contains an explicit request/instruction directed at the recipient.
MSG_0426,personal_information,0.87,Shares a personal fact or preference about the sender/user that is not a secret or identifying credential.
MSG_0427,meeting_or_event,0.93,Describes a scheduled meeting/event with a date and time.
MSG_0428,general_information,0.65,"Plain informational/status statement; no action, schedule, personal, promotional, or sensitive signal detected."
MSG_0429,personal_information,0.87,Shares a personal fact or preference about the sender/user that is not a secret or identifying credential.
MSG_0430,meeting_or_event,0.93,Describes a scheduled meeting/event with a date and time.
MSG_0431,general_information,0.65,"Plain informational/status statement; no action, schedule, personal, promotional, or sensitive signal detected."
MSG_0432,promotional,0.96,Sent by the Promotions sender and contains marketing/discount language.
MSG_0433,general_information,0.65,"Plain informational/status statement; no action, schedule, personal, promotional, or sensitive signal detected."
MSG_0434,general_information,0.65,"Plain informational/status statement; no action, schedule, personal, promotional, or sensitive signal detected."
MSG_0435,meeting_or_event,0.93,Describes a scheduled meeting/event with a date and time.
MSG_0436,sensitive_information,0.97,Message contains a detected sensitive value (authentication_token).
MSG_0437,personal_information,0.87,Shares a personal fact or preference about the sender/user that is not a secret or identifying credential.
MSG_0438,action_required,0.85,Contains an explicit request/instruction directed at the recipient.
MSG_0439,general_information,0.65,"Plain informational/status statement; no action, schedule, personal, promotional, or sensitive signal detected."
MSG_0440,general_information,0.65,"Plain informational/status statement; no action, schedule, personal, promotional, or sensitive signal detected."
MSG_0441,personal_information,0.87,Shares a personal fact or preference about the sender/user that is not a secret or identifying credential.
MSG_0442,general_information,0.65,"Plain informational/status statement; no action, schedule, personal, promotional, or sensitive signal detected."
MSG_0443,general_information,0.65,"Plain informational/status statement; no action, schedule, personal, promotional, or sensitive signal detected."
MSG_0444,meeting_or_event,0.6,"Refers to a possible meeting/get-together but uses tentative language and lacks a confirmed date, lowering confidence."
MSG_0445,meeting_or_event,0.93,Describes a scheduled meeting/event with a date and time.
MSG_0446,personal_information,0.87,Shares a personal fact or preference about the sender/user that is not a secret or identifying credential.
MSG_0447,promotional,0.96,Sent by the Promotions sender and contains marketing/discount language.
MSG_0448,promotional,0.96,Sent by the Promotions sender and contains marketing/discount language.
MSG_0449,meeting_or_event,0.93,Describes a scheduled meeting/event with a date and time.
MSG_0450,meeting_or_event,0.93,Describes a scheduled meeting/event with a date and time.
MSG_0451,action_required,0.85,Contains an explicit request/instruction directed at the recipient.
MSG_0452,general_information,0.65,"Plain informational/status statement; no action, schedule, personal, promotional, or sensitive signal detected."
MSG_0453,personal_information,0.87,Shares a personal fact or preference about the sender/user that is not a secret or identifying credential.
MSG_0454,promotional,0.96,Sent by the Promotions sender and contains marketing/discount language.
MSG_0455,action_required,0.85,Contains an explicit request/instruction directed at the recipient.
MSG_0456,meeting_or_event,0.93,Describes a scheduled meeting/event with a date and time.
MSG_0457,action_required,0.85,Contains an explicit request/instruction directed at the recipient.
MSG_0458,meeting_or_event,0.93,Describes a scheduled meeting/event with a date and time.
MSG_0459,general_information,0.65,"Plain informational/status statement; no action, schedule, personal, promotional, or sensitive signal detected."
MSG_0460,general_information,0.65,"Plain informational/status statement; no action, schedule, personal, promotional, or sensitive signal detected."
MSG_0461,promotional,0.96,Sent by the Promotions sender and contains marketing/discount language.
MSG_0462,meeting_or_event,0.6,"Refers to a possible meeting/get-together but uses tentative language and lacks a confirmed date, lowering confidence."
MSG_0463,general_information,0.65,"Plain informational/status statement; no action, schedule, personal, promotional, or sensitive signal detected."
MSG_0464,general_information,0.65,"Plain informational/status statement; no action, schedule, personal, promotional, or sensitive signal detected."
MSG_0465,meeting_or_event,0.93,Describes a scheduled meeting/event with a date and time.
MSG_0466,promotional,0.88,Contains marketing/discount language (e.g. a promo code or sale offer).
MSG_0467,action_required,0.85,Contains an explicit request/instruction directed at the recipient.
MSG_0468,action_required,0.85,Contains an explicit request/instruction directed at the recipient.
MSG_0469,general_information,0.65,"Plain informational/status statement; no action, schedule, personal, promotional, or sensitive signal detected."
MSG_0470,general_information,0.65,"Plain informational/status statement; no action, schedule, personal, promotional, or sensitive signal detected."
MSG_0471,sensitive_information,0.97,Message contains a detected sensitive value (password).
MSG_0472,general_information,0.65,"Plain informational/status statement; no action, schedule, personal, promotional, or sensitive signal detected."
MSG_0473,action_required,0.9,Contains an explicit request/instruction directed at the recipient.
MSG_0474,general_information,0.65,"Plain informational/status statement; no action, schedule, personal, promotional, or sensitive signal detected."
MSG_0475,sensitive_information,0.97,Message contains a detected sensitive value (private_address).
MSG_0476,personal_information,0.87,Shares a personal fact or preference about the sender/user that is not a secret or identifying credential.
MSG_0477,general_information,0.65,"Plain informational/status statement; no action, schedule, personal, promotional, or sensitive signal detected."
MSG_0478,general_information,0.65,"Plain informational/status statement; no action, schedule, personal, promotional, or sensitive signal detected."
MSG_0479,meeting_or_event,0.93,Describes a scheduled meeting/event with a date and time.
MSG_0480,action_required,0.85,Contains an explicit request/instruction directed at the recipient.
MSG_0481,action_required,0.85,Contains an explicit request/instruction directed at the recipient.
MSG_0482,general_information,0.65,"Plain informational/status statement; no action, schedule, personal, promotional, or sensitive signal detected."
MSG_0483,action_required,0.85,Contains an explicit request/instruction directed at the recipient.
MSG_0484,meeting_or_event,0.93,Describes a scheduled meeting/event with a date and time.
MSG_0485,action_required,0.9,Contains an explicit request/instruction directed at the recipient.
MSG_0486,action_required,0.85,Contains an explicit request/instruction directed at the recipient.
MSG_0487,action_required,0.85,Contains an explicit request/instruction directed at the recipient.
MSG_0488,meeting_or_event,0.93,Describes a scheduled meeting/event with a date and time.
MSG_0489,personal_information,0.87,Shares a personal fact or preference about the sender/user that is not a secret or identifying credential.
MSG_0490,general_information,0.65,"Plain informational/status statement; no action, schedule, personal, promotional, or sensitive signal detected."
MSG_0491,general_information,0.65,"Plain informational/status statement; no action, schedule, personal, promotional, or sensitive signal detected."
MSG_0492,action_required,0.85,Contains an explicit request/instruction directed at the recipient.
MSG_0493,meeting_or_event,0.6,"Refers to a possible meeting/get-together but uses tentative language and lacks a confirmed date, lowering confidence."
MSG_0494,sensitive_information,0.97,Message contains a detected sensitive value (health_information).
MSG_0495,action_required,0.85,Contains an explicit request/instruction directed at the recipient.
MSG_0496,sensitive_information,0.97,Message contains a detected sensitive value (personal_identification_number).
MSG_0497,promotional,0.96,Sent by the Promotions sender and contains marketing/discount language.
MSG_0498,action_required,0.9,Contains an explicit request/instruction directed at the recipient.
MSG_0499,promotional,0.96,Sent by the Promotions sender and contains marketing/discount language.
MSG_0500,personal_information,0.87,Shares a personal fact or preference about the sender/user that is not a secret or identifying credential.
MSG_0501,personal_information,0.87,Shares a personal fact or preference about the sender/user that is not a secret or identifying credential.
MSG_0502,meeting_or_event,0.6,"Refers to a possible meeting/get-together but uses tentative language and lacks a confirmed date, lowering confidence."
MSG_0503,action_required,0.9,Contains an explicit request/instruction directed at the recipient.
MSG_0504,personal_information,0.87,Shares a personal fact or preference about the sender/user that is not a secret or identifying credential.
MSG_0505,action_required,0.85,Contains an explicit request/instruction directed at the recipient.
MSG_0506,general_information,0.65,"Plain informational/status statement; no action, schedule, personal, promotional, or sensitive signal detected."
MSG_0507,sensitive_information,0.97,Message contains a detected sensitive value (health_information).
MSG_0508,meeting_or_event,0.93,Describes a scheduled meeting/event with a date and time.
MSG_0509,general_information,0.65,"Plain informational/status statement; no action, schedule, personal, promotional, or sensitive signal detected."
MSG_0510,personal_information,0.87,Shares a personal fact or preference about the sender/user that is not a secret or identifying credential.
MSG_0511,meeting_or_event,0.93,Describes a scheduled meeting/event with a date and time.
MSG_0512,action_required,0.85,Contains an explicit request/instruction directed at the recipient.
MSG_0513,action_required,0.9,Contains an explicit request/instruction directed at the recipient.
MSG_0514,personal_information,0.87,Shares a personal fact or preference about the sender/user that is not a secret or identifying credential.
MSG_0515,action_required,0.85,Contains an explicit request/instruction directed at the recipient.
MSG_0516,general_information,0.65,"Plain informational/status statement; no action, schedule, personal, promotional, or sensitive signal detected."
MSG_0517,action_required,0.85,Contains an explicit request/instruction directed at the recipient.
MSG_0518,personal_information,0.87,Shares a personal fact or preference about the sender/user that is not a secret or identifying credential.
MSG_0519,meeting_or_event,0.93,Describes a scheduled meeting/event with a date and time.
MSG_0520,general_information,0.65,"Plain informational/status statement; no action, schedule, personal, promotional, or sensitive signal detected."
MSG_0521,promotional,0.88,Contains marketing/discount language (e.g. a promo code or sale offer).
MSG_0522,personal_information,0.87,Shares a personal fact or preference about the sender/user that is not a secret or identifying credential.
MSG_0523,action_required,0.85,Contains an explicit request/instruction directed at the recipient.
MSG_0524,action_required,0.85,Contains an explicit request/instruction directed at the recipient.
MSG_0525,action_required,0.85,Contains an explicit request/instruction directed at the recipient.
MSG_0526,meeting_or_event,0.6,"Refers to a possible meeting/get-together but uses tentative language and lacks a confirmed date, lowering confidence."
MSG_0527,action_required,0.85,Contains an explicit request/instruction directed at the recipient.
MSG_0528,general_information,0.65,"Plain informational/status statement; no action, schedule, personal, promotional, or sensitive signal detected."
MSG_0529,promotional,0.96,Sent by the Promotions sender and contains marketing/discount language.
MSG_0530,action_required,0.85,Contains an explicit request/instruction directed at the recipient.
MSG_0531,action_required,0.9,Contains an explicit request/instruction directed at the recipient.
MSG_0532,sensitive_information,0.97,Message contains a detected sensitive value (private_address).
MSG_0533,general_information,0.65,"Plain informational/status statement; no action, schedule, personal, promotional, or sensitive signal detected."
MSG_0534,promotional,0.96,Sent by the Promotions sender and contains marketing/discount language.
MSG_0535,sensitive_information,0.97,Message contains a detected sensitive value (private_address).
MSG_0536,action_required,0.9,Contains an explicit request/instruction directed at the recipient.
MSG_0537,action_required,0.85,Contains an explicit request/instruction directed at the recipient.
MSG_0538,general_information,0.65,"Plain informational/status statement; no action, schedule, personal, promotional, or sensitive signal detected."
MSG_0539,sensitive_information,0.97,Message contains a detected sensitive value (private_address).
MSG_0540,personal_information,0.87,Shares a personal fact or preference about the sender/user that is not a secret or identifying credential.
MSG_0541,promotional,0.96,Sent by the Promotions sender and contains marketing/discount language.
MSG_0542,personal_information,0.87,Shares a personal fact or preference about the sender/user that is not a secret or identifying credential.
MSG_0543,general_information,0.65,"Plain informational/status statement; no action, schedule, personal, promotional, or sensitive signal detected."
MSG_0544,personal_information,0.87,Shares a personal fact or preference about the sender/user that is not a secret or identifying credential.
MSG_0545,general_information,0.65,"Plain informational/status statement; no action, schedule, personal, promotional, or sensitive signal detected."
MSG_0546,action_required,0.9,Contains an explicit request/instruction directed at the recipient.
MSG_0547,action_required,0.85,Contains an explicit request/instruction directed at the recipient.
MSG_0548,promotional,0.96,Sent by the Promotions sender and contains marketing/discount language.
MSG_0549,meeting_or_event,0.93,Describes a scheduled meeting/event with a date and time.
MSG_0550,sensitive_information,0.97,Message contains a detected sensitive value (private_contact_detail).
MSG_0551,action_required,0.9,Contains an explicit request/instruction directed at the recipient.
MSG_0552,action_required,0.85,Contains an explicit request/instruction directed at the recipient.
MSG_0553,action_required,0.85,Contains an explicit request/instruction directed at the recipient.
MSG_0554,action_required,0.9,Contains an explicit request/instruction directed at the recipient.
MSG_0555,general_information,0.65,"Plain informational/status statement; no action, schedule, personal, promotional, or sensitive signal detected."
MSG_0556,action_required,0.9,Contains an explicit request/instruction directed at the recipient.
MSG_0557,action_required,0.85,Contains an explicit request/instruction directed at the recipient.
MSG_0558,general_information,0.65,"Plain informational/status statement; no action, schedule, personal, promotional, or sensitive signal detected."
MSG_0559,action_required,0.85,Contains an explicit request/instruction directed at the recipient.
MSG_0560,personal_information,0.87,Shares a personal fact or preference about the sender/user that is not a secret or identifying credential.
MSG_0561,action_required,0.9,Contains an explicit request/instruction directed at the recipient.
MSG_0562,general_information,0.65,"Plain informational/status statement; no action, schedule, personal, promotional, or sensitive signal detected."
MSG_0563,general_information,0.65,"Plain informational/status statement; no action, schedule, personal, promotional, or sensitive signal detected."
MSG_0564,general_information,0.65,"Plain informational/status statement; no action, schedule, personal, promotional, or sensitive signal detected."
MSG_0565,meeting_or_event,0.93,Describes a scheduled meeting/event with a date and time.
MSG_0566,action_required,0.9,Contains an explicit request/instruction directed at the recipient.
MSG_0567,promotional,0.96,Sent by the Promotions sender and contains marketing/discount language.
MSG_0568,general_information,0.65,"Plain informational/status statement; no action, schedule, personal, promotional, or sensitive signal detected."
MSG_0569,action_required,0.85,Contains an explicit request/instruction directed at the recipient.
MSG_0570,general_information,0.65,"Plain informational/status statement; no action, schedule, personal, promotional, or sensitive signal detected."
MSG_0571,general_information,0.65,"Plain informational/status statement; no action, schedule, personal, promotional, or sensitive signal detected."
MSG_0572,sensitive_information,0.97,Message contains a detected sensitive value (authentication_token).
MSG_0573,promotional,0.96,Sent by the Promotions sender and contains marketing/discount language.
MSG_0574,action_required,0.85,Contains an explicit request/instruction directed at the recipient.
MSG_0575,general_information,0.65,"Plain informational/status statement; no action, schedule, personal, promotional, or sensitive signal detected."
MSG_0576,sensitive_information,0.97,Message contains a detected sensitive value (personal_identification_number).
MSG_0577,action_required,0.85,Contains an explicit request/instruction directed at the recipient.
MSG_0578,action_required,0.85,Contains an explicit request/instruction directed at the recipient.
MSG_0579,meeting_or_event,0.93,Describes a scheduled meeting/event with a date and time.
MSG_0580,action_required,0.85,Contains an explicit request/instruction directed at the recipient.
MSG_0581,sensitive_information,0.97,Message contains a detected sensitive value (health_information).
MSG_0582,general_information,0.65,"Plain informational/status statement; no action, schedule, personal, promotional, or sensitive signal detected."
MSG_0583,promotional,0.96,Sent by the Promotions sender and contains marketing/discount language.
MSG_0584,meeting_or_event,0.93,Describes a scheduled meeting/event with a date and time.
MSG_0585,action_required,0.9,Contains an explicit request/instruction directed at the recipient.
MSG_0586,promotional,0.96,Sent by the Promotions sender and contains marketing/discount language.
MSG_0587,general_information,0.65,"Plain informational/status statement; no action, schedule, personal, promotional, or sensitive signal detected."
MSG_0588,meeting_or_event,0.93,Describes a scheduled meeting/event with a date and time.
MSG_0589,general_information,0.65,"Plain informational/status statement; no action, schedule, personal, promotional, or sensitive signal detected."
MSG_0590,meeting_or_event,0.93,Describes a scheduled meeting/event with a date and time.
MSG_0591,sensitive_information,0.97,Message contains a detected sensitive value (authentication_token).
MSG_0592,meeting_or_event,0.93,Describes a scheduled meeting/event with a date and time.
MSG_0593,general_information,0.65,"Plain informational/status statement; no action, schedule, personal, promotional, or sensitive signal detected."
MSG_0594,promotional,0.96,Sent by the Promotions sender and contains marketing/discount language.
MSG_0595,sensitive_information,0.97,Message contains a detected sensitive value (one_time_password).
MSG_0596,sensitive_information,0.97,Message contains a detected sensitive value (one_time_password).
MSG_0597,general_information,0.65,"Plain informational/status statement; no action, schedule, personal, promotional, or sensitive signal detected."
MSG_0598,general_information,0.65,"Plain informational/status statement; no action, schedule, personal, promotional, or sensitive signal detected."
MSG_0599,promotional,0.96,Sent by the Promotions sender and contains marketing/discount language.
MSG_0600,meeting_or_event,0.93,Describes a scheduled meeting/event with a date and time.
MSG_0601,meeting_or_event,0.93,Describes a scheduled meeting/event with a date and time.
MSG_0602,action_required,0.85,Contains an explicit request/instruction directed at the recipient.
MSG_0603,meeting_or_event,0.93,Describes a scheduled meeting/event with a date and time.
MSG_0604,sensitive_information,0.97,Message contains a detected sensitive value (one_time_password).
MSG_0605,action_required,0.9,Contains an explicit request/instruction directed at the recipient.
MSG_0606,meeting_or_event,0.93,Describes a scheduled meeting/event with a date and time.
MSG_0607,action_required,0.85,Contains an explicit request/instruction directed at the recipient.
MSG_0608,promotional,0.96,Sent by the Promotions sender and contains marketing/discount language.
MSG_0609,general_information,0.65,"Plain informational/status statement; no action, schedule, personal, promotional, or sensitive signal detected."
MSG_0610,sensitive_information,0.97,Message contains a detected sensitive value (bank_or_payment_details).
MSG_0611,personal_information,0.87,Shares a personal fact or preference about the sender/user that is not a secret or identifying credential.
MSG_0612,action_required,0.85,Contains an explicit request/instruction directed at the recipient.
MSG_0613,personal_information,0.87,Shares a personal fact or preference about the sender/user that is not a secret or identifying credential.
MSG_0614,action_required,0.9,Contains an explicit request/instruction directed at the recipient.
MSG_0615,action_required,0.85,Contains an explicit request/instruction directed at the recipient.
MSG_0616,meeting_or_event,0.93,Describes a scheduled meeting/event with a date and time.
MSG_0617,action_required,0.85,Contains an explicit request/instruction directed at the recipient.
MSG_0618,action_required,0.85,Contains an explicit request/instruction directed at the recipient.
MSG_0619,meeting_or_event,0.93,Describes a scheduled meeting/event with a date and time.
MSG_0620,action_required,0.9,Contains an explicit request/instruction directed at the recipient.
MSG_0621,action_required,0.85,Contains an explicit request/instruction directed at the recipient.
MSG_0622,action_required,0.85,Contains an explicit request/instruction directed at the recipient.
MSG_0623,meeting_or_event,0.93,Describes a scheduled meeting/event with a date and time.
MSG_0624,action_required,0.9,Contains an explicit request/instruction directed at the recipient.
MSG_0625,general_information,0.65,"Plain informational/status statement; no action, schedule, personal, promotional, or sensitive signal detected."
MSG_0626,personal_information,0.87,Shares a personal fact or preference about the sender/user that is not a secret or identifying credential.
MSG_0627,promotional,0.96,Sent by the Promotions sender and contains marketing/discount language.
MSG_0628,meeting_or_event,0.93,Describes a scheduled meeting/event with a date and time.
MSG_0629,personal_information,0.87,Shares a personal fact or preference about the sender/user that is not a secret or identifying credential.
MSG_0630,meeting_or_event,0.93,Describes a scheduled meeting/event with a date and time.
MSG_0631,meeting_or_event,0.93,Describes a scheduled meeting/event with a date and time.
MSG_0632,personal_information,0.87,Shares a personal fact or preference about the sender/user that is not a secret or identifying credential.
MSG_0633,action_required,0.9,Contains an explicit request/instruction directed at the recipient.
MSG_0634,action_required,0.85,Contains an explicit request/instruction directed at the recipient.
MSG_0635,meeting_or_event,0.6,"Refers to a possible meeting/get-together but uses tentative language and lacks a confirmed date, lowering confidence."
MSG_0636,sensitive_information,0.97,Message contains a detected sensitive value (private_contact_detail).
MSG_0637,meeting_or_event,0.93,Describes a scheduled meeting/event with a date and time.
MSG_0638,action_required,0.85,Contains an explicit request/instruction directed at the recipient.
MSG_0639,action_required,0.85,Contains an explicit request/instruction directed at the recipient.
MSG_0640,action_required,0.9,Contains an explicit request/instruction directed at the recipient.
MSG_0641,sensitive_information,0.97,Message contains a detected sensitive value (private_contact_detail).
MSG_0642,sensitive_information,0.97,Message contains a detected sensitive value (bank_or_payment_details).
MSG_0643,meeting_or_event,0.93,Describes a scheduled meeting/event with a date and time.
MSG_0644,general_information,0.65,"Plain informational/status statement; no action, schedule, personal, promotional, or sensitive signal detected."
MSG_0645,meeting_or_event,0.93,Describes a scheduled meeting/event with a date and time.
MSG_0646,meeting_or_event,0.93,Describes a scheduled meeting/event with a date and time.
MSG_0647,promotional,0.96,Sent by the Promotions sender and contains marketing/discount language.
MSG_0648,personal_information,0.87,Shares a personal fact or preference about the sender/user that is not a secret or identifying credential.
MSG_0649,sensitive_information,0.97,Message contains a detected sensitive value (bank_or_payment_details).
MSG_0650,promotional,0.96,Sent by the Promotions sender and contains marketing/discount language.
MSG_0651,sensitive_information,0.97,Message contains a detected sensitive value (private_contact_detail).
MSG_0652,action_required,0.9,Contains an explicit request/instruction directed at the recipient.
MSG_0653,action_required,0.85,Contains an explicit request/instruction directed at the recipient.
MSG_0654,action_required,0.85,Contains an explicit request/instruction directed at the recipient.
MSG_0655,promotional,0.96,Sent by the Promotions sender and contains marketing/discount language.
MSG_0656,action_required,0.85,Contains an explicit request/instruction directed at the recipient.
MSG_0657,action_required,0.85,Contains an explicit request/instruction directed at the recipient.
MSG_0658,action_required,0.85,Contains an explicit request/instruction directed at the recipient.
MSG_0659,action_required,0.85,Contains an explicit request/instruction directed at the recipient.
MSG_0660,meeting_or_event,0.93,Describes a scheduled meeting/event with a date and time.
MSG_0661,promotional,0.96,Sent by the Promotions sender and contains marketing/discount language.
MSG_0662,action_required,0.85,Contains an explicit request/instruction directed at the recipient.
MSG_0663,promotional,0.96,Sent by the Promotions sender and contains marketing/discount language.
MSG_0664,meeting_or_event,0.93,Describes a scheduled meeting/event with a date and time.
MSG_0665,promotional,0.96,Sent by the Promotions sender and contains marketing/discount language.
MSG_0666,promotional,0.96,Sent by the Promotions sender and contains marketing/discount language.
MSG_0667,action_required,0.9,Contains an explicit request/instruction directed at the recipient.
MSG_0668,meeting_or_event,0.93,Describes a scheduled meeting/event with a date and time.
MSG_0669,general_information,0.65,"Plain informational/status statement; no action, schedule, personal, promotional, or sensitive signal detected."
MSG_0670,action_required,0.9,Contains an explicit request/instruction directed at the recipient.
MSG_0671,general_information,0.65,"Plain informational/status statement; no action, schedule, personal, promotional, or sensitive signal detected."
MSG_0672,general_information,0.65,"Plain informational/status statement; no action, schedule, personal, promotional, or sensitive signal detected."
MSG_0673,meeting_or_event,0.93,Describes a scheduled meeting/event with a date and time.
MSG_0674,meeting_or_event,0.93,Describes a scheduled meeting/event with a date and time.
MSG_0675,general_information,0.65,"Plain informational/status statement; no action, schedule, personal, promotional, or sensitive signal detected."
MSG_0676,promotional,0.96,Sent by the Promotions sender and contains marketing/discount language.
MSG_0677,general_information,0.65,"Plain informational/status statement; no action, schedule, personal, promotional, or sensitive signal detected."
MSG_0678,sensitive_information,0.97,Message contains a detected sensitive value (authentication_token).
MSG_0679,general_information,0.65,"Plain informational/status statement; no action, schedule, personal, promotional, or sensitive signal detected."
MSG_0680,promotional,0.96,Sent by the Promotions sender and contains marketing/discount language.
MSG_0681,sensitive_information,0.97,Message contains a detected sensitive value (bank_or_payment_details).
MSG_0682,general_information,0.65,"Plain informational/status statement; no action, schedule, personal, promotional, or sensitive signal detected."
MSG_0683,meeting_or_event,0.93,Describes a scheduled meeting/event with a date and time.
MSG_0684,sensitive_information,0.97,Message contains a detected sensitive value (bank_or_payment_details).
MSG_0685,personal_information,0.87,Shares a personal fact or preference about the sender/user that is not a secret or identifying credential.
MSG_0686,personal_information,0.87,Shares a personal fact or preference about the sender/user that is not a secret or identifying credential.
MSG_0687,sensitive_information,0.97,Message contains a detected sensitive value (authentication_token).
MSG_0688,action_required,0.9,Contains an explicit request/instruction directed at the recipient.
MSG_0689,general_information,0.65,"Plain informational/status statement; no action, schedule, personal, promotional, or sensitive signal detected."
MSG_0690,action_required,0.9,Contains an explicit request/instruction directed at the recipient.
MSG_0691,general_information,0.65,"Plain informational/status statement; no action, schedule, personal, promotional, or sensitive signal detected."
MSG_0692,general_information,0.65,"Plain informational/status statement; no action, schedule, personal, promotional, or sensitive signal detected."
MSG_0693,meeting_or_event,0.93,Describes a scheduled meeting/event with a date and time.
MSG_0694,action_required,0.85,Contains an explicit request/instruction directed at the recipient.
MSG_0695,sensitive_information,0.97,Message contains a detected sensitive value (private_contact_detail).
MSG_0696,action_required,0.85,Contains an explicit request/instruction directed at the recipient.
MSG_0697,meeting_or_event,0.93,Describes a scheduled meeting/event with a date and time.
MSG_0698,general_information,0.65,"Plain informational/status statement; no action, schedule, personal, promotional, or sensitive signal detected."
MSG_0699,promotional,0.96,Sent by the Promotions sender and contains marketing/discount language.
MSG_0700,general_information,0.65,"Plain informational/status statement; no action, schedule, personal, promotional, or sensitive signal detected."
MSG_0701,general_information,0.65,"Plain informational/status statement; no action, schedule, personal, promotional, or sensitive signal detected."
MSG_0702,promotional,0.96,Sent by the Promotions sender and contains marketing/discount language.
MSG_0703,personal_information,0.87,Shares a personal fact or preference about the sender/user that is not a secret or identifying credential.
MSG_0704,general_information,0.65,"Plain informational/status statement; no action, schedule, personal, promotional, or sensitive signal detected."
MSG_0705,general_information,0.65,"Plain informational/status statement; no action, schedule, personal, promotional, or sensitive signal detected."
MSG_0706,meeting_or_event,0.93,Describes a scheduled meeting/event with a date and time.
MSG_0707,meeting_or_event,0.93,Describes a scheduled meeting/event with a date and time.
MSG_0708,action_required,0.85,Contains an explicit request/instruction directed at the recipient.
MSG_0709,general_information,0.65,"Plain informational/status statement; no action, schedule, personal, promotional, or sensitive signal detected."
MSG_0710,general_information,0.65,"Plain informational/status statement; no action, schedule, personal, promotional, or sensitive signal detected."
MSG_0711,meeting_or_event,0.93,Describes a scheduled meeting/event with a date and time.
MSG_0712,promotional,0.96,Sent by the Promotions sender and contains marketing/discount language.
MSG_0713,personal_information,0.87,Shares a personal fact or preference about the sender/user that is not a secret or identifying credential.
MSG_0714,promotional,0.96,Sent by the Promotions sender and contains marketing/discount language.
MSG_0715,sensitive_information,0.97,Message contains a detected sensitive value (authentication_token).
MSG_0716,action_required,0.9,Contains an explicit request/instruction directed at the recipient.
MSG_0717,action_required,0.85,Contains an explicit request/instruction directed at the recipient.
MSG_0718,personal_information,0.87,Shares a personal fact or preference about the sender/user that is not a secret or identifying credential.
MSG_0719,meeting_or_event,0.93,Describes a scheduled meeting/event with a date and time.
MSG_0720,action_required,0.9,Contains an explicit request/instruction directed at the recipient.
MSG_0721,promotional,0.96,Sent by the Promotions sender and contains marketing/discount language.
MSG_0722,action_required,0.9,Contains an explicit request/instruction directed at the recipient.
MSG_0723,sensitive_information,0.97,Message contains a detected sensitive value (authentication_token).
MSG_0724,general_information,0.65,"Plain informational/status statement; no action, schedule, personal, promotional, or sensitive signal detected."
MSG_0725,action_required,0.85,Contains an explicit request/instruction directed at the recipient.
MSG_0726,sensitive_information,0.97,Message contains a detected sensitive value (personal_identification_number).
MSG_0727,sensitive_information,0.97,Message contains a detected sensitive value (password).
MSG_0728,general_information,0.65,"Plain informational/status statement; no action, schedule, personal, promotional, or sensitive signal detected."
MSG_0729,personal_information,0.87,Shares a personal fact or preference about the sender/user that is not a secret or identifying credential.
MSG_0730,action_required,0.85,Contains an explicit request/instruction directed at the recipient.
MSG_0731,general_information,0.65,"Plain informational/status statement; no action, schedule, personal, promotional, or sensitive signal detected."
MSG_0732,general_information,0.65,"Plain informational/status statement; no action, schedule, personal, promotional, or sensitive signal detected."
MSG_0733,personal_information,0.87,Shares a personal fact or preference about the sender/user that is not a secret or identifying credential.
MSG_0734,general_information,0.65,"Plain informational/status statement; no action, schedule, personal, promotional, or sensitive signal detected."
MSG_0735,promotional,0.96,Sent by the Promotions sender and contains marketing/discount language.
MSG_0736,action_required,0.85,Contains an explicit request/instruction directed at the recipient.
MSG_0737,promotional,0.96,Sent by the Promotions sender and contains marketing/discount language.
MSG_0738,general_information,0.65,"Plain informational/status statement; no action, schedule, personal, promotional, or sensitive signal detected."
MSG_0739,sensitive_information,0.97,Message contains a detected sensitive value (health_information).
MSG_0740,action_required,0.85,Contains an explicit request/instruction directed at the recipient.
MSG_0741,general_information,0.65,"Plain informational/status statement; no action, schedule, personal, promotional, or sensitive signal detected."
MSG_0742,promotional,0.88,Contains marketing/discount language (e.g. a promo code or sale offer).
MSG_0743,action_required,0.9,Contains an explicit request/instruction directed at the recipient.
MSG_0744,meeting_or_event,0.93,Describes a scheduled meeting/event with a date and time.
MSG_0745,meeting_or_event,0.93,Describes a scheduled meeting/event with a date and time.
MSG_0746,personal_information,0.87,Shares a personal fact or preference about the sender/user that is not a secret or identifying credential.
MSG_0747,meeting_or_event,0.93,Describes a scheduled meeting/event with a date and time.
MSG_0748,promotional,0.96,Sent by the Promotions sender and contains marketing/discount language.
MSG_0749,sensitive_information,0.97,Message contains a detected sensitive value (password).
MSG_0750,personal_information,0.87,Shares a personal fact or preference about the sender/user that is not a secret or identifying credential.
MSG_0751,sensitive_information,0.97,Message contains a detected sensitive value (bank_or_payment_details).
MSG_0752,sensitive_information,0.97,Message contains a detected sensitive value (bank_or_payment_details).
MSG_0753,sensitive_information,0.97,Message contains a detected sensitive value (authentication_token).
MSG_0754,action_required,0.9,Contains an explicit request/instruction directed at the recipient.
MSG_0755,general_information,0.65,"Plain informational/status statement; no action, schedule, personal, promotional, or sensitive signal detected."
MSG_0756,personal_information,0.87,Shares a personal fact or preference about the sender/user that is not a secret or identifying credential.
MSG_0757,action_required,0.9,Contains an explicit request/instruction directed at the recipient.
MSG_0758,promotional,0.96,Sent by the Promotions sender and contains marketing/discount language.
MSG_0759,meeting_or_event,0.93,Describes a scheduled meeting/event with a date and time.
MSG_0760,promotional,0.96,Sent by the Promotions sender and contains marketing/discount language.
MSG_0761,action_required,0.9,Contains an explicit request/instruction directed at the recipient.
MSG_0762,promotional,0.96,Sent by the Promotions sender and contains marketing/discount language.
MSG_0763,sensitive_information,0.97,Message contains a detected sensitive value (personal_identification_number).
MSG_0764,general_information,0.65,"Plain informational/status statement; no action, schedule, personal, promotional, or sensitive signal detected."
MSG_0765,promotional,0.96,Sent by the Promotions sender and contains marketing/discount language.
MSG_0766,promotional,0.96,Sent by the Promotions sender and contains marketing/discount language.
MSG_0767,promotional,0.96,Sent by the Promotions sender and contains marketing/discount language.
MSG_0768,action_required,0.85,Contains an explicit request/instruction directed at the recipient.
MSG_0769,personal_information,0.87,Shares a personal fact or preference about the sender/user that is not a secret or identifying credential.
MSG_0770,meeting_or_event,0.6,"Refers to a possible meeting/get-together but uses tentative language and lacks a confirmed date, lowering confidence."
MSG_0771,general_information,0.65,"Plain informational/status statement; no action, schedule, personal, promotional, or sensitive signal detected."
MSG_0772,sensitive_information,0.97,Message contains a detected sensitive value (health_information).
MSG_0773,personal_information,0.87,Shares a personal fact or preference about the sender/user that is not a secret or identifying credential.
MSG_0774,general_information,0.65,"Plain informational/status statement; no action, schedule, personal, promotional, or sensitive signal detected."
MSG_0775,action_required,0.85,Contains an explicit request/instruction directed at the recipient.
MSG_0776,action_required,0.9,Contains an explicit request/instruction directed at the recipient.
MSG_0777,sensitive_information,0.97,Message contains a detected sensitive value (password).
MSG_0778,sensitive_information,0.97,Message contains a detected sensitive value (authentication_token).
MSG_0779,action_required,0.85,Contains an explicit request/instruction directed at the recipient.
MSG_0780,action_required,0.85,Contains an explicit request/instruction directed at the recipient.
MSG_0781,personal_information,0.87,Shares a personal fact or preference about the sender/user that is not a secret or identifying credential.
MSG_0782,general_information,0.65,"Plain informational/status statement; no action, schedule, personal, promotional, or sensitive signal detected."
MSG_0783,action_required,0.85,Contains an explicit request/instruction directed at the recipient.
MSG_0784,action_required,0.85,Contains an explicit request/instruction directed at the recipient.
MSG_0785,promotional,0.88,Contains marketing/discount language (e.g. a promo code or sale offer).
MSG_0786,promotional,0.88,Contains marketing/discount language (e.g. a promo code or sale offer).
MSG_0787,action_required,0.9,Contains an explicit request/instruction directed at the recipient.
MSG_0788,meeting_or_event,0.93,Describes a scheduled meeting/event with a date and time.
MSG_0789,meeting_or_event,0.93,Describes a scheduled meeting/event with a date and time.
MSG_0790,personal_information,0.87,Shares a personal fact or preference about the sender/user that is not a secret or identifying credential.
MSG_0791,sensitive_information,0.97,Message contains a detected sensitive value (one_time_password).
MSG_0792,meeting_or_event,0.93,Describes a scheduled meeting/event with a date and time.
MSG_0793,meeting_or_event,0.93,Describes a scheduled meeting/event with a date and time.
MSG_0794,general_information,0.65,"Plain informational/status statement; no action, schedule, personal, promotional, or sensitive signal detected."
MSG_0795,action_required,0.9,Contains an explicit request/instruction directed at the recipient.
MSG_0796,personal_information,0.87,Shares a personal fact or preference about the sender/user that is not a secret or identifying credential.
MSG_0797,meeting_or_event,0.93,Describes a scheduled meeting/event with a date and time.
MSG_0798,meeting_or_event,0.93,Describes a scheduled meeting/event with a date and time.
MSG_0799,action_required,0.9,Contains an explicit request/instruction directed at the recipient.
MSG_0800,meeting_or_event,0.93,Describes a scheduled meeting/event with a date and time.
MSG_0801,meeting_or_event,0.6,"Refers to a possible meeting/get-together but uses tentative language and lacks a confirmed date, lowering confidence."
MSG_0802,sensitive_information,0.97,Message contains a detected sensitive value (private_address).
MSG_0803,sensitive_information,0.97,Message contains a detected sensitive value (bank_or_payment_details).
MSG_0804,sensitive_information,0.97,Message contains a detected sensitive value (private_contact_detail).
MSG_0805,promotional,0.96,Sent by the Promotions sender and contains marketing/discount language.
MSG_0806,general_information,0.65,"Plain informational/status statement; no action, schedule, personal, promotional, or sensitive signal detected."
MSG_0807,promotional,0.96,Sent by the Promotions sender and contains marketing/discount language.
MSG_0808,promotional,0.96,Sent by the Promotions sender and contains marketing/discount language.
MSG_0809,action_required,0.9,Contains an explicit request/instruction directed at the recipient.
MSG_0810,meeting_or_event,0.93,Describes a scheduled meeting/event with a date and time.
MSG_0811,action_required,0.85,Contains an explicit request/instruction directed at the recipient.
MSG_0812,sensitive_information,0.97,Message contains a detected sensitive value (bank_or_payment_details).
MSG_0813,sensitive_information,0.97,Message contains a detected sensitive value (bank_or_payment_details).
MSG_0814,action_required,0.85,Contains an explicit request/instruction directed at the recipient.
MSG_0815,action_required,0.9,Contains an explicit request/instruction directed at the recipient.
MSG_0816,action_required,0.85,Contains an explicit request/instruction directed at the recipient.
MSG_0817,promotional,0.96,Sent by the Promotions sender and contains marketing/discount language.
MSG_0818,promotional,0.96,Sent by the Promotions sender and contains marketing/discount language.
MSG_0819,action_required,0.9,Contains an explicit request/instruction directed at the recipient.
MSG_0820,general_information,0.65,"Plain informational/status statement; no action, schedule, personal, promotional, or sensitive signal detected."
MSG_0821,meeting_or_event,0.93,Describes a scheduled meeting/event with a date and time.
MSG_0822,meeting_or_event,0.93,Describes a scheduled meeting/event with a date and time.
MSG_0823,meeting_or_event,0.93,Describes a scheduled meeting/event with a date and time.
MSG_0824,action_required,0.85,Contains an explicit request/instruction directed at the recipient.
MSG_0825,general_information,0.65,"Plain informational/status statement; no action, schedule, personal, promotional, or sensitive signal detected."
MSG_0826,action_required,0.85,Contains an explicit request/instruction directed at the recipient.
MSG_0827,action_required,0.85,Contains an explicit request/instruction directed at the recipient.
MSG_0828,promotional,0.96,Sent by the Promotions sender and contains marketing/discount language.
MSG_0829,action_required,0.9,Contains an explicit request/instruction directed at the recipient.
MSG_0830,general_information,0.65,"Plain informational/status statement; no action, schedule, personal, promotional, or sensitive signal detected."
MSG_0831,meeting_or_event,0.93,Describes a scheduled meeting/event with a date and time.
MSG_0832,promotional,0.96,Sent by the Promotions sender and contains marketing/discount language.
MSG_0833,personal_information,0.87,Shares a personal fact or preference about the sender/user that is not a secret or identifying credential.
MSG_0834,sensitive_information,0.97,Message contains a detected sensitive value (one_time_password).
MSG_0835,promotional,0.96,Sent by the Promotions sender and contains marketing/discount language.
MSG_0836,personal_information,0.87,Shares a personal fact or preference about the sender/user that is not a secret or identifying credential.
MSG_0837,meeting_or_event,0.93,Describes a scheduled meeting/event with a date and time.
MSG_0838,general_information,0.65,"Plain informational/status statement; no action, schedule, personal, promotional, or sensitive signal detected."
MSG_0839,promotional,0.96,Sent by the Promotions sender and contains marketing/discount language.
MSG_0840,meeting_or_event,0.6,"Refers to a possible meeting/get-together but uses tentative language and lacks a confirmed date, lowering confidence."
MSG_0841,meeting_or_event,0.93,Describes a scheduled meeting/event with a date and time.
MSG_0842,promotional,0.96,Sent by the Promotions sender and contains marketing/discount language.
MSG_0843,general_information,0.65,"Plain informational/status statement; no action, schedule, personal, promotional, or sensitive signal detected."
MSG_0844,promotional,0.96,Sent by the Promotions sender and contains marketing/discount language.
MSG_0845,meeting_or_event,0.93,Describes a scheduled meeting/event with a date and time.
MSG_0846,general_information,0.65,"Plain informational/status statement; no action, schedule, personal, promotional, or sensitive signal detected."
MSG_0847,meeting_or_event,0.93,Describes a scheduled meeting/event with a date and time.
MSG_0848,sensitive_information,0.97,Message contains a detected sensitive value (bank_or_payment_details).
MSG_0849,meeting_or_event,0.93,Describes a scheduled meeting/event with a date and time.
MSG_0850,action_required,0.9,Contains an explicit request/instruction directed at the recipient.
MSG_0851,action_required,0.9,Contains an explicit request/instruction directed at the recipient.
MSG_0852,general_information,0.65,"Plain informational/status statement; no action, schedule, personal, promotional, or sensitive signal detected."
MSG_0853,action_required,0.85,Contains an explicit request/instruction directed at the recipient.
MSG_0854,sensitive_information,0.97,Message contains a detected sensitive value (one_time_password).
MSG_0855,personal_information,0.87,Shares a personal fact or preference about the sender/user that is not a secret or identifying credential.
MSG_0856,promotional,0.96,Sent by the Promotions sender and contains marketing/discount language.
MSG_0857,personal_information,0.87,Shares a personal fact or preference about the sender/user that is not a secret or identifying credential.
MSG_0858,personal_information,0.87,Shares a personal fact or preference about the sender/user that is not a secret or identifying credential.
MSG_0859,action_required,0.85,Contains an explicit request/instruction directed at the recipient.
MSG_0860,meeting_or_event,0.93,Describes a scheduled meeting/event with a date and time.
MSG_0861,meeting_or_event,0.93,Describes a scheduled meeting/event with a date and time.
MSG_0862,action_required,0.9,Contains an explicit request/instruction directed at the recipient.
MSG_0863,general_information,0.65,"Plain informational/status statement; no action, schedule, personal, promotional, or sensitive signal detected."
MSG_0864,action_required,0.85,Contains an explicit request/instruction directed at the recipient.
MSG_0865,action_required,0.85,Contains an explicit request/instruction directed at the recipient.
MSG_0866,meeting_or_event,0.93,Describes a scheduled meeting/event with a date and time.
MSG_0867,personal_information,0.87,Shares a personal fact or preference about the sender/user that is not a secret or identifying credential.
MSG_0868,meeting_or_event,0.93,Describes a scheduled meeting/event with a date and time.
MSG_0869,personal_information,0.87,Shares a personal fact or preference about the sender/user that is not a secret or identifying credential.
MSG_0870,action_required,0.9,Contains an explicit request/instruction directed at the recipient.
MSG_0871,meeting_or_event,0.93,Describes a scheduled meeting/event with a date and time.
MSG_0872,general_information,0.65,"Plain informational/status statement; no action, schedule, personal, promotional, or sensitive signal detected."
MSG_0873,meeting_or_event,0.93,Describes a scheduled meeting/event with a date and time.
MSG_0874,personal_information,0.87,Shares a personal fact or preference about the sender/user that is not a secret or identifying credential.
MSG_0875,action_required,0.85,Contains an explicit request/instruction directed at the recipient.
MSG_0876,personal_information,0.87,Shares a personal fact or preference about the sender/user that is not a secret or identifying credential.
MSG_0877,meeting_or_event,0.93,Describes a scheduled meeting/event with a date and time.
MSG_0878,meeting_or_event,0.93,Describes a scheduled meeting/event with a date and time.
MSG_0879,general_information,0.65,"Plain informational/status statement; no action, schedule, personal, promotional, or sensitive signal detected."
MSG_0880,sensitive_information,0.97,Message contains a detected sensitive value (one_time_password).
MSG_0881,promotional,0.96,Sent by the Promotions sender and contains marketing/discount language.
MSG_0882,meeting_or_event,0.93,Describes a scheduled meeting/event with a date and time.
MSG_0883,action_required,0.85,Contains an explicit request/instruction directed at the recipient.
MSG_0884,action_required,0.85,Contains an explicit request/instruction directed at the recipient.
MSG_0885,general_information,0.65,"Plain informational/status statement; no action, schedule, personal, promotional, or sensitive signal detected."
MSG_0886,meeting_or_event,0.6,"Refers to a possible meeting/get-together but uses tentative language and lacks a confirmed date, lowering confidence."
MSG_0887,personal_information,0.87,Shares a personal fact or preference about the sender/user that is not a secret or identifying credential.
MSG_0888,action_required,0.85,Contains an explicit request/instruction directed at the recipient.
MSG_0889,promotional,0.88,Contains marketing/discount language (e.g. a promo code or sale offer).
MSG_0890,sensitive_information,0.97,Message contains a detected sensitive value (bank_or_payment_details).
MSG_0891,personal_information,0.87,Shares a personal fact or preference about the sender/user that is not a secret or identifying credential.
MSG_0892,personal_information,0.87,Shares a personal fact or preference about the sender/user that is not a secret or identifying credential.
MSG_0893,action_required,0.85,Contains an explicit request/instruction directed at the recipient.
MSG_0894,meeting_or_event,0.93,Describes a scheduled meeting/event with a date and time.
MSG_0895,meeting_or_event,0.93,Describes a scheduled meeting/event with a date and time.
MSG_0896,general_information,0.65,"Plain informational/status statement; no action, schedule, personal, promotional, or sensitive signal detected."
MSG_0897,promotional,0.96,Sent by the Promotions sender and contains marketing/discount language.
MSG_0898,action_required,0.85,Contains an explicit request/instruction directed at the recipient.
MSG_0899,personal_information,0.87,Shares a personal fact or preference about the sender/user that is not a secret or identifying credential.
MSG_0900,meeting_or_event,0.93,Describes a scheduled meeting/event with a date and time.
